manga_title,volume_number,chapter_number,title,published_at,rating_avg
Shingeki no Kyojin,1,,,,
Shingeki no Kyojin,2,,,,
Shingeki no Kyojin,3,,,,
Shingeki no Kyojin,4,,,,
Shingeki no Kyojin,5,,,,
Shingeki no Kyojin,6,,,,
Shingeki no Kyojin,7,,,,
Shingeki no Kyojin,8,,,,
Shingeki no Kyojin,9,,,,
Shingeki no Kyojin,10,,,,
Shingeki no Kyojin,11,,,,
Shingeki no Kyojin,12,,,,
Shingeki no Kyojin,13,,,,
Shingeki no Kyojin,14,,,,
Shingeki no Kyojin,15,,,,
Shingeki no Kyojin,16,,,,
Shingeki no Kyojin,17,,,,
Shingeki no Kyojin,18,,,,
Shingeki no Kyojin,19,,,,
Shingeki no Kyojin,20,,,,
Shingeki no Kyojin,21,,,,
Shingeki no Kyojin,22,,,,
Shingeki no Kyojin,23,,,,
Shingeki no Kyojin,24,,,,
Shingeki no Kyojin,25,,,,
Shingeki no Kyojin,26,,,,
Shingeki no Kyojin,27,,,,
Shingeki no Kyojin,28,,,,
Shingeki no Kyojin,29,,,,
Shingeki no Kyojin,30,,,,
Shingeki no Kyojin,31,,,,
Shingeki no Kyojin,32,,,,
Shingeki no Kyojin,33,,,,
Shingeki no Kyojin,34,,(완결까지 총 141화),,
Jujutsu Kaisen,1,,,,
Jujutsu Kaisen,2,,,,
Jujutsu Kaisen,3,,,,
Jujutsu Kaisen,4,,,,
Jujutsu Kaisen,5,,,,
Jujutsu Kaisen,6,,,,
Jujutsu Kaisen,7,,,,
Jujutsu Kaisen,8,,,,
Jujutsu Kaisen,9,,,,
Jujutsu Kaisen,10,,,,
Jujutsu Kaisen,11,,,,
Jujutsu Kaisen,12,,,,
Jujutsu Kaisen,13,,,,
Jujutsu Kaisen,14,,,,
Jujutsu Kaisen,15,,,,
Jujutsu Kaisen,16,,,,
Jujutsu Kaisen,17,,,,
Jujutsu Kaisen,18,,,,
Jujutsu Kaisen,19,,,,
Jujutsu Kaisen,20,,,,
Jujutsu Kaisen,21,,,,
Jujutsu Kaisen,22,,,,
Jujutsu Kaisen,23,,,,
Jujutsu Kaisen,24,,,,
Jujutsu Kaisen,25,,,,
Jujutsu Kaisen,26,,,,
Jujutsu Kaisen,27,,,,
Jujutsu Kaisen,28,,,,
Jujutsu Kaisen,29,,,,
Jujutsu Kaisen,30,,(완결까지 총 272화),,
Death Note,1,,,,
Death Note,2,,,,
Death Note,3,,,,
Death Note,4,,,,
Death Note,5,,,,
Death Note,6,,,,
Death Note,7,,,,
Death Note,8,,,,
Death Note,9,,,,
Death Note,10,,,,
Death Note,11,,,,
Death Note,12,,(완결까지 총 108화),,
Boku no Hero Academia,1,,,,
Boku no Hero Academia,2,,,,
Boku no Hero Academia,3,,,,
Boku no Hero Academia,4,,,,
Boku no Hero Academia,5,,,,
Boku no Hero Academia,6,,,,
Boku no Hero Academia,7,,,,
Boku no Hero Academia,8,,,,
Boku no Hero Academia,9,,,,
Boku no Hero Academia,10,,,,
Boku no Hero Academia,11,,,,
Boku no Hero Academia,12,,,,
Boku no Hero Academia,13,,,,
Boku no Hero Academia,14,,,,
Boku no Hero Academia,15,,,,
Boku no Hero Academia,16,,,,
Boku no Hero Academia,17,,,,
Boku no Hero Academia,18,,,,
Boku no Hero Academia,19,,,,
Boku no Hero Academia,20,,,,
Boku no Hero Academia,21,,,,
Boku no Hero Academia,22,,,,
Boku no Hero Academia,23,,,,
Boku no Hero Academia,24,,,,
Boku no Hero Academia,25,,,,
Boku no Hero Academia,26,,,,
Boku no Hero Academia,27,,,,
Boku no Hero Academia,28,,,,
Boku no Hero Academia,29,,,,
Boku no Hero Academia,30,,,,
Boku no Hero Academia,31,,,,
Boku no Hero Academia,32,,,,
Boku no Hero Academia,33,,,,
Boku no Hero Academia,34,,,,
Boku no Hero Academia,35,,,,
Boku no Hero Academia,36,,,,
Boku no Hero Academia,37,,,,
Boku no Hero Academia,38,,,,
Boku no Hero Academia,39,,,,
Boku no Hero Academia,40,,,,
Boku no Hero Academia,41,,,,
Boku no Hero Academia,42,,(완결까지 총 432화),,
Tokyo Ghoul,1,,,,
Tokyo Ghoul,2,,,,
Tokyo Ghoul,3,,,,
Tokyo Ghoul,4,,,,
Tokyo Ghoul,5,,,,
Tokyo Ghoul,6,,,,
Tokyo Ghoul,7,,,,
Tokyo Ghoul,8,,,,
Tokyo Ghoul,9,,,,
Tokyo Ghoul,10,,,,
Tokyo Ghoul,11,,,,
Tokyo Ghoul,12,,,,
Tokyo Ghoul,13,,,,
Tokyo Ghoul,14,,(완결까지 총 144화),,
Naruto,1,,,,
Naruto,2,,,,
Naruto,3,,,,
Naruto,4,,,,
Naruto,5,,,,
Naruto,6,,,,
Naruto,7,,,,
Naruto,8,,,,
Naruto,9,,,,
Naruto,10,,,,
Naruto,11,,,,
Naruto,12,,,,
Naruto,13,,,,
Naruto,14,,,,
Naruto,15,,,,
Naruto,16,,,,
Naruto,17,,,,
Naruto,18,,,,
Naruto,19,,,,
Naruto,20,,,,
Naruto,21,,,,
Naruto,22,,,,
Naruto,23,,,,
Naruto,24,,,,
Naruto,25,,,,
Naruto,26,,,,
Naruto,27,,,,
Naruto,28,,,,
Naruto,29,,,,
Naruto,30,,,,
Naruto,31,,,,
Naruto,32,,,,
Naruto,33,,,,
Naruto,34,,,,
Naruto,35,,,,
Naruto,36,,,,
Naruto,37,,,,
Naruto,38,,,,
Naruto,39,,,,
Naruto,40,,,,
Naruto,41,,,,
Naruto,42,,,,
Naruto,43,,,,
Naruto,44,,,,
Naruto,45,,,,
Naruto,46,,,,
Naruto,47,,,,
Naruto,48,,,,
Naruto,49,,,,
Naruto,50,,,,
Naruto,51,,,,
Naruto,52,,,,
Naruto,53,,,,
Naruto,54,,,,
Naruto,55,,,,
Naruto,56,,,,
Naruto,57,,,,
Naruto,58,,,,
Naruto,59,,,,
Naruto,60,,,,
Naruto,61,,,,
Naruto,62,,,,
Naruto,63,,,,
Naruto,64,,,,
Naruto,65,,,,
Naruto,66,,,,
Naruto,67,,,,
Naruto,68,,,,
Naruto,69,,,,
Naruto,70,,,,
Naruto,71,,,,
Naruto,72,,(완결까지 총 700화),,
Yakusoku no Neverland,1,,,,
Yakusoku no Neverland,2,,,,
Yakusoku no Neverland,3,,,,
Yakusoku no Neverland,4,,,,
Yakusoku no Neverland,5,,,,
Yakusoku no Neverland,6,,,,
Yakusoku no Neverland,7,,,,
Yakusoku no Neverland,8,,,,
Yakusoku no Neverland,9,,,,
Yakusoku no Neverland,10,,,,
Yakusoku no Neverland,11,,,,
Yakusoku no Neverland,12,,,,
Yakusoku no Neverland,13,,,,
Yakusoku no Neverland,14,,,,
Yakusoku no Neverland,15,,,,
Yakusoku no Neverland,16,,,,
Yakusoku no Neverland,17,,,,
Yakusoku no Neverland,18,,,,
Yakusoku no Neverland,19,,,,
Yakusoku no Neverland,20,,(완결까지 총 181화),,
Ansatsu Kyoushitsu,1,,,,
Ansatsu Kyoushitsu,2,,,,
Ansatsu Kyoushitsu,3,,,,
Ansatsu Kyoushitsu,4,,,,
Ansatsu Kyoushitsu,5,,,,
Ansatsu Kyoushitsu,6,,,,
Ansatsu Kyoushitsu,7,,,,
Ansatsu Kyoushitsu,8,,,,
Ansatsu Kyoushitsu,9,,,,
Ansatsu Kyoushitsu,10,,,,
Ansatsu Kyoushitsu,11,,,,
Ansatsu Kyoushitsu,12,,,,
Ansatsu Kyoushitsu,13,,,,
Ansatsu Kyoushitsu,14,,,,
Ansatsu Kyoushitsu,15,,,,
Ansatsu Kyoushitsu,16,,,,
Ansatsu Kyoushitsu,17,,,,
Ansatsu Kyoushitsu,18,,,,
Ansatsu Kyoushitsu,19,,,,
Ansatsu Kyoushitsu,20,,,,
Ansatsu Kyoushitsu,21,,(완결까지 총 188화),,
Mob Psycho 100,1,,,,
Mob Psycho 100,2,,,,
Mob Psycho 100,3,,,,
Mob Psycho 100,4,,,,
Mob Psycho 100,5,,,,
Mob Psycho 100,6,,,,
Mob Psycho 100,7,,,,
Mob Psycho 100,8,,,,
Mob Psycho 100,9,,,,
Mob Psycho 100,10,,,,
Mob Psycho 100,11,,,,
Mob Psycho 100,12,,,,
Mob Psycho 100,13,,,,
Mob Psycho 100,14,,,,
Mob Psycho 100,15,,,,
Mob Psycho 100,16,,(완결까지 총 113화),,
Chainsaw Man,1,,,,
Chainsaw Man,2,,,,
Chainsaw Man,3,,,,
Chainsaw Man,4,,,,
Chainsaw Man,5,,,,
Chainsaw Man,6,,,,
Chainsaw Man,7,,,,
Chainsaw Man,8,,,,
Chainsaw Man,9,,,,
Chainsaw Man,10,,,,
Chainsaw Man,11,,,,
Chainsaw Man,12,,,,
Chainsaw Man,13,,,,
Chainsaw Man,14,,,,
Chainsaw Man,15,,,,
Chainsaw Man,16,,,,
Chainsaw Man,17,,,,
Chainsaw Man,18,,,,
Chainsaw Man,19,,,,
Chainsaw Man,20,,,,
Chainsaw Man,21,,,,
Chainsaw Man,22,,,,
Chainsaw Man,23,,,,
Chainsaw Man,24,,(완결까지 총 232화),,
Shigatsu wa Kimi no Uso,1,,,,
Shigatsu wa Kimi no Uso,2,,,,
Shigatsu wa Kimi no Uso,3,,,,
Shigatsu wa Kimi no Uso,4,,,,
Shigatsu wa Kimi no Uso,5,,,,
Shigatsu wa Kimi no Uso,6,,,,
Shigatsu wa Kimi no Uso,7,,,,
Shigatsu wa Kimi no Uso,8,,,,
Shigatsu wa Kimi no Uso,9,,,,
Shigatsu wa Kimi no Uso,10,,,,
Shigatsu wa Kimi no Uso,11,,(완결까지 총 44화),,
Boku Dake ga Inai Machi,1,,,,
Boku Dake ga Inai Machi,2,,,,
Boku Dake ga Inai Machi,3,,,,
Boku Dake ga Inai Machi,4,,,,
Boku Dake ga Inai Machi,5,,,,
Boku Dake ga Inai Machi,6,,,,
Boku Dake ga Inai Machi,7,,,,
Boku Dake ga Inai Machi,8,,,,
Boku Dake ga Inai Machi,9,,(완결까지 총 49화),,
My Season,1,,,,
My Season,2,,,,
My Season,3,,,,
My Season,4,,,,
My Season,5,,,,
My Season,6,,,,
My Season,7,,,,
My Season,8,,,,
My Season,9,,,,
Haikyu!!,1,,,,
Haikyu!!,2,,,,
Haikyu!!,3,,,,
Haikyu!!,4,,,,
Haikyu!!,5,,,,
Haikyu!!,6,,,,
Haikyu!!,7,,,,
Haikyu!!,8,,,,
Haikyu!!,9,,,,
Haikyu!!,10,,,,
Haikyu!!,11,,,,
Haikyu!!,12,,,,
Haikyu!!,13,,,,
Haikyu!!,14,,,,
Haikyu!!,15,,,,
Haikyu!!,16,,,,
Haikyu!!,17,,,,
Haikyu!!,18,,,,
Haikyu!!,19,,,,
Haikyu!!,20,,,,
Haikyu!!,21,,,,
Haikyu!!,22,,,,
Haikyu!!,23,,,,
Haikyu!!,24,,,,
Haikyu!!,25,,,,
Haikyu!!,26,,,,
Haikyu!!,27,,,,
Haikyu!!,28,,,,
Haikyu!!,29,,,,
Haikyu!!,30,,,,
Haikyu!!,31,,,,
Haikyu!!,32,,,,
Haikyu!!,33,,,,
Haikyu!!,34,,,,
Haikyu!!,35,,,,
Haikyu!!,36,,,,
Haikyu!!,37,,,,
Haikyu!!,38,,,,
Haikyu!!,39,,,,
Haikyu!!,40,,,,
Haikyu!!,41,,,,
Haikyu!!,42,,,,
Haikyu!!,43,,,,
Haikyu!!,44,,,,
Haikyu!!,45,,(완결까지 총 404화),,
